-- phpMyAdmin SQL Dump
-- version 5.2.0
-- https://www.phpmyadmin.net/
--
-- Host: 127.0.0.1
-- Generation Time: Jan 15, 2023 at 05:07 PM
-- Server version: 10.4.24-MariaDB
-- PHP Version: 8.1.6

SET SQL_MODE = "NO_AUTO_VALUE_ON_ZERO";
START TRANSACTION;
SET time_zone = "+00:00";


/*!40101 SET @OLD_CHARACTER_SET_CLIENT=@@CHARACTER_SET_CLIENT */;
/*!40101 SET @OLD_CHARACTER_SET_RESULTS=@@CHARACTER_SET_RESULTS */;
/*!40101 SET @OLD_COLLATION_CONNECTION=@@COLLATION_CONNECTION */;
/*!40101 SET NAMES utf8mb4 */;

--
-- Database: `database_cikwo`
--

-- --------------------------------------------------------

--
-- Table structure for table `admin`
--

CREATE TABLE `admin` (
  `id_admin` int(11) NOT NULL,
  `username` varchar(100) DEFAULT NULL,
  `password` varchar(50) DEFAULT NULL,
  `nama_lengkap` varchar(100) DEFAULT NULL
) ENGINE=InnoDB DEFAULT CHARSET=latin1;

--
-- Dumping data for table `admin`
--

INSERT INTO `admin` (`id_admin`, `username`, `password`, `nama_lengkap`) VALUES
(1, 'admin', '827ccb0eea8a706c4c34a16891f84e7b', 'admin');

-- --------------------------------------------------------

--
-- Table structure for table `likes`
--

CREATE TABLE `likes` (
  `id_likes` int(11) NOT NULL,
  `id_pelanggan` int(11) NOT NULL,
  `id_produk` int(11) NOT NULL
) ENGINE=InnoDB DEFAULT CHARSET=latin1;

-- --------------------------------------------------------

--
-- Table structure for table `pelanggan`
--

CREATE TABLE `pelanggan` (
  `id_pelanggan` int(11) NOT NULL,
  `email_pelanggan` varchar(100) DEFAULT NULL,
  `password_pelanggan` varchar(50) DEFAULT NULL,
  `nama_pelanggan` varchar(100) DEFAULT NULL,
  `telepon_pelanggan` varchar(15) DEFAULT NULL,
  `alamat_pelanggan` varchar(100) NOT NULL,
  `foto_profil` varchar(100) NOT NULL
) ENGINE=InnoDB DEFAULT CHARSET=latin1;

--
-- Dumping data for table `pelanggan`
--

INSERT INTO `pelanggan` (`id_pelanggan`, `email_pelanggan`, `password_pelanggan`, `nama_pelanggan`, `telepon_pelanggan`, `alamat_pelanggan`, `foto_profil`) VALUES
(7, 'dendi@gmail.com', '15eef7c37a8d9c91355b3b4198be17b2', 'dendi', '08121212121', 'jauh sekali', ''),
(8, 'dendipradana@gmail.com', '827ccb0eea8a706c4c34a16891f84e7b', 'dendi', '08121212121', 'jauh', ''),
(9, 'andiapriansah46@gmail.com', '03339dc0dff443f15c254baccde9bece', 'andi', '085158799719', 'wates', ''),
(10, 'arsenhs99@gmail.com', '03339dc0dff443f15c254baccde9bece', 'andi', '088816171771', 'penataran', ''),
(11, 'siswanto123@gmail.com', 'f8c6e75242df258467104a15f113f425', 'siswanto', '088816171771', 'penataran', ''),
(12, 'dadang@gmail.com', 'f63f1ed278d0cb8f2ede661328779791', 'dadang', '085151885612', 'palembang', '');

-- --------------------------------------------------------

--
-- Table structure for table `pembelian`
--

CREATE TABLE `pembelian` (
  `id_pembelian` int(11) NOT NULL,
  `tanggal_pembelian` date DEFAULT NULL,
  `jumlah_pembelian` int(11) NOT NULL,
  `ongkir` int(11) NOT NULL,
  `total_pembelian` int(11) DEFAULT NULL,
  `id_pelanggan` int(11) DEFAULT NULL
) ENGINE=InnoDB DEFAULT CHARSET=latin1;

--
-- Dumping data for table `pembelian`
--

INSERT INTO `pembelian` (`id_pembelian`, `tanggal_pembelian`, `jumlah_pembelian`, `ongkir`, `total_pembelian`, `id_pelanggan`) VALUES
(28, '2021-05-05', 15000, 1000, 16000, 7),
(29, '2021-05-06', 15000, 1000, 16000, 8),
(30, '2021-06-23', 15000, 1000, 16000, 9),
(31, '2022-12-28', 5000, 1000, 6000, 12),
(32, '2022-12-28', 5000, 1000, 6000, 12),
(33, '2022-12-29', 35, 1000, 1035, 12),
(34, '2023-01-15', 35, 1000, 1035, 12);

-- --------------------------------------------------------

--
-- Table structure for table `pembelian_produk`
--

CREATE TABLE `pembelian_produk` (
  `id_pembelian_produk` int(11) NOT NULL,
  `jumlah` int(11) DEFAULT NULL,
  `id_pembelian` int(11) DEFAULT NULL,
  `id_produk` int(11) DEFAULT NULL
) ENGINE=InnoDB DEFAULT CHARSET=latin1;

--
-- Dumping data for table `pembelian_produk`
--

INSERT INTO `pembelian_produk` (`id_pembelian_produk`, `jumlah`, `id_pembelian`, `id_produk`) VALUES
(33, 1, 28, 1),
(34, 1, 29, 1),
(35, 1, 30, 1),
(36, 1, 31, 1),
(37, 1, 32, 1),
(38, 1, 33, 13),
(39, 1, 34, 13);

-- --------------------------------------------------------

--
-- Table structure for table `produk`
--

CREATE TABLE `produk` (
  `id_produk` int(11) NOT NULL,
  `nama_produk` varchar(100) DEFAULT NULL,
  `harga_produk` int(11) DEFAULT NULL,
  `stok` int(11) DEFAULT NULL,
  `foto_produk` varchar(100) DEFAULT NULL,
  `deskripsi_produk` text DEFAULT NULL,
  `likes` int(11) NOT NULL,
  `id_warung` int(11) DEFAULT NULL
) ENGINE=InnoDB DEFAULT CHARSET=latin1;

--
-- Dumping data for table `produk`
--

INSERT INTO `produk` (`id_produk`, `nama_produk`, `harga_produk`, `stok`, `foto_produk`, `deskripsi_produk`, `likes`, `id_warung`) VALUES
(1, 'biji kopi (1/5 kg 1 bungkus)', 25, 20, 'e93c769061f69030a5c04ebaf0afd36f.jpg', '															berat bersih perbungkus 1/5 kg									', 2, 1),
(13, 'kopi bubuk (1/5 kg 1 bungkus)', 35, 18, 'kemasan-kopi-standing-pouch.webp', '							berat bersih perbungkus (1/5 kg bungkus)								', 0, 1),
(17, 'buak tat sedang', 20, 20, 'f6bd474a1fc3d1a8114a2cc8cc965c0f.jpg', 'isi 1 ukuran sedang', 0, 1),
(18, 'kue cucur', 15, 20, 'maxresdefault.jpg', 'isi bersih 1 paket setengah  (1/5kg)', 0, 1),
(19, 'buak tat kecil', 15, 50, 'images.jpg', 'isi perpaket empat buah kue tat ', 0, 1);

-- --------------------------------------------------------

--
-- Table structure for table `warung`
--

CREATE TABLE `warung` (
  `id_warung` int(11) NOT NULL,
  `nama_warung` varchar(50) DEFAULT NULL,
  `alamat_warung` varchar(100) NOT NULL,
  `telepon_warung` varchar(15) NOT NULL
) ENGINE=InnoDB DEFAULT CHARSET=latin1;

--
-- Dumping data for table `warung`
--

INSERT INTO `warung` (`id_warung`, `nama_warung`, `alamat_warung`, `telepon_warung`) VALUES
(1, 'Oleh - oleh', 'Oleh - oleh khas lampung di Cikwo Coffe', '085158799719'),
(2, 'Minuman', 'Menu belum tersedia saat ini', ''),
(3, 'Makanan ', 'Menu belum tersedia saat ini', '');

--
-- Indexes for dumped tables
--

--
-- Indexes for table `admin`
--
ALTER TABLE `admin`
  ADD PRIMARY KEY (`id_admin`);

--
-- Indexes for table `likes`
--
ALTER TABLE `likes`
  ADD PRIMARY KEY (`id_likes`),
  ADD KEY `id_pelanggan` (`id_pelanggan`),
  ADD KEY `id_produk` (`id_produk`);

--
-- Indexes for table `pelanggan`
--
ALTER TABLE `pelanggan`
  ADD PRIMARY KEY (`id_pelanggan`);

--
-- Indexes for table `pembelian`
--
ALTER TABLE `pembelian`
  ADD PRIMARY KEY (`id_pembelian`),
  ADD KEY `id_pelanggan` (`id_pelanggan`);

--
-- Indexes for table `pembelian_produk`
--
ALTER TABLE `pembelian_produk`
  ADD PRIMARY KEY (`id_pembelian_produk`),
  ADD KEY `id_pembelian` (`id_pembelian`),
  ADD KEY `id_produk` (`id_produk`);

--
-- Indexes for table `produk`
--
ALTER TABLE `produk`
  ADD PRIMARY KEY (`id_produk`),
  ADD KEY `id_warung` (`id_warung`);

--
-- Indexes for table `warung`
--
ALTER TABLE `warung`
  ADD PRIMARY KEY (`id_warung`);

--
-- AUTO_INCREMENT for dumped tables
--

--
-- AUTO_INCREMENT for table `admin`
--
ALTER TABLE `admin`
  MODIFY `id_admin` int(11) NOT NULL AUTO_INCREMENT, AUTO_INCREMENT=2;

--
-- AUTO_INCREMENT for table `likes`
--
ALTER TABLE `likes`
  MODIFY `id_likes` int(11) NOT NULL AUTO_INCREMENT;

--
-- AUTO_INCREMENT for table `pelanggan`
--
ALTER TABLE `pelanggan`
  MODIFY `id_pelanggan` int(11) NOT NULL AUTO_INCREMENT, AUTO_INCREMENT=13;

--
-- AUTO_INCREMENT for table `pembelian`
--
ALTER TABLE `pembelian`
  MODIFY `id_pembelian` int(11) NOT NULL AUTO_INCREMENT, AUTO_INCREMENT=35;

--
-- AUTO_INCREMENT for table `pembelian_produk`
--
ALTER TABLE `pembelian_produk`
  MODIFY `id_pembelian_produk` int(11) NOT NULL AUTO_INCREMENT, AUTO_INCREMENT=40;

--
-- AUTO_INCREMENT for table `produk`
--
ALTER TABLE `produk`
  MODIFY `id_produk` int(11) NOT NULL AUTO_INCREMENT, AUTO_INCREMENT=20;

--
-- AUTO_INCREMENT for table `warung`
--
ALTER TABLE `warung`
  MODIFY `id_warung` int(11) NOT NULL AUTO_INCREMENT, AUTO_INCREMENT=4;

--
-- Constraints for dumped tables
--

--
-- Constraints for table `likes`
--
ALTER TABLE `likes`
  ADD CONSTRAINT `likes_ibfk_1` FOREIGN KEY (`id_pelanggan`) REFERENCES `pelanggan` (`id_pelanggan`),
  ADD CONSTRAINT `likes_ibfk_2` FOREIGN KEY (`id_produk`) REFERENCES `produk` (`id_produk`) ON DELETE CASCADE ON UPDATE CASCADE;

--
-- Constraints for table `pembelian`
--
ALTER TABLE `pembelian`
  ADD CONSTRAINT `pembelian_ibfk_1` FOREIGN KEY (`id_pelanggan`) REFERENCES `pelanggan` (`id_pelanggan`);

--
-- Constraints for table `pembelian_produk`
--
ALTER TABLE `pembelian_produk`
  ADD CONSTRAINT `pembelian_produk_ibfk_1` FOREIGN KEY (`id_pembelian`) REFERENCES `pembelian` (`id_pembelian`),
  ADD CONSTRAINT `pembelian_produk_ibfk_2` FOREIGN KEY (`id_produk`) REFERENCES `produk` (`id_produk`);

--
-- Constraints for table `produk`
--
ALTER TABLE `produk`
  ADD CONSTRAINT `produk_ibfk_1` FOREIGN KEY (`id_warung`) REFERENCES `warung` (`id_warung`);
COMMIT;

/*!40101 SET CHARACTER_SET_CLIENT=@OLD_CHARACTER_SET_CLIENT */;
/*!40101 SET CHARACTER_SET_RESULTS=@OLD_CHARACTER_SET_RESULTS */;
/*!40101 SET COLLATION_CONNECTION=@OLD_COLLATION_CONNECTION */;
